"User ID","Student Name","Class","Title","Subject","Question","Chat"
"hanako.yamada","山田 花子","地域・環境統計学 3年A組","第9回 回帰分析","地域・環境統計学","入試の点数と入学後のGPAの相関係数と回帰式を Excel で求めた答案。4シート（回帰直線・回帰式(1)(2)、決定係数、偏相関）、偏相関係数が 1.0105。","[2026/11/13 20:40] AI: 4つのシートすべてで計算が最後まで進んでいて、特に「回帰直線・回帰式(1)」では偏差から共分散・相関係数・回帰式まで手順どおりに求められています。ひとつ考えてみてください。「偏相関」シートの偏相関係数は 1.01 になっていますが、相関係数が取りうる範囲はいくつからいくつまででしょうか。模範回答では 0.58 です。次の一歩は三つです。① 偏相関の式のセル参照を見直して再計算する。② 「決定係数」シートで、三つの R² のうちどれが家賃をいちばん説明するかを一文で書く。③ 直したら、先生の指示どおりに最終版を提出する。参照：第9回 講義資料 p.12「偏相関係数」
[2026/11/13 20:46] 生徒: 分母の √(1−r²) に r13 じゃなくて r12 を入れていました。直したら 0.58 になりました
[2026/11/13 20:46] AI: その通りです。r13² と r23² をそれぞれの分母に入れるのがポイントでした。再計算した値が模範回答と一致しているので、次は「決定係数」シートの一文に進みましょう。"
"hanako.yamada","山田 花子","地域・環境統計学 3年A組","第9回 回帰分析","地域・環境統計学","同じ課題の版2。偏相関を修正し、決定係数シートに考察の一文を追加した答案。","[2026/11/13 21:12] AI: 偏相関係数が 0.58 に直り、「決定係数」シートに「使用部分面積の R² が 0.508 で最も家賃を説明する」という一文が入りました。4つの観点すべてで模範回答と一致しています。最終版は先生の指示どおりに提出してください。"
"hanako.yamada","山田 花子","地域・環境統計学 3年A組","","地域・環境統計学","講義資料 p.8 の決定係数の説明を撮影した写真。「R² が 0.5 なら半分説明できる、という理解でいいか」という質問。","[2026/11/10 18:03] 生徒: R²が0.5なら家賃のばらつきの半分を説明できる、という理解でいいですか？
[2026/11/10 18:03] AI: その理解で合っています。R² は「目的変数のばらつきのうち、回帰式で説明できる割合」なので、0.5 なら半分です。ただし「説明できる＝原因である」ではない点に注意してください。第9回の資料 p.8 の図で、残りの半分がどこにあるかを確かめてみましょう。"
"taro.sato","佐藤 太郎","地域・環境統計学 3年A組","第9回 回帰分析","地域・環境統計学","回帰直線・回帰式(1) シートのみ記入した途中の答案。相関係数 0.7618、回帰式の傾きと切片は未記入。","[2026/11/14 09:21] AI: 偏差積の平均（共分散）39.52 から相関係数 0.7618 までは模範回答と一致しています。計算式と関数の両方で求めて突き合わせているのも良い習慣です。回帰式の傾きと切片がまだ空欄ですね。傾きは「共分散 ÷ 入試点数の分散」で求められます。まずそこを埋めてから、残りの3シートに進みましょう。参照：第9回 講義資料 p.5「回帰式の求め方」
[2026/11/14 09:30] 生徒: 分散は標準偏差を2乗すればいいですか
[2026/11/14 09:30] AI: はい。標準偏差 69.99 を2乗した値が入試点数の分散です。SLOPE 関数でも同じ値になるので、計算式で出した後に関数で確認してみてください。"
"ichiro.suzuki","鈴木 一郎","地域・環境統計学 3年A組","第8回 相関分析(2)","地域・環境統計学","都道府県別データの散布図と相関係数、東京都を除いた層別の答案。相関係数 0.713 → 除外後 0.62。","[2026/11/06 22:15] AI: 散布図の軸ラベルと単位がそろっていて、東京都を除いた再計算（0.713 → 0.62）まで自分で確かめられているのが良い点です。ひとつ考えてみてください。東京都を外すと相関が下がった理由を、散布図のどの位置の点で説明できますか。次の一歩は、その説明を「考察」欄に二文で書くことです。参照：第8回 講義資料 p.10「外れ値の影響」"
"misaki.tanaka","田中 美咲","地域・環境統計学 3年A組","第9回 回帰分析","地域・環境統計学","""決定係数"" シートの3つの R²（使用部分面積 0.508、交通 0.076、築年数 0.360）と、「築年数が最も家賃を説明する」という考察の一文。","[2026/11/15 16:48] AI: 3つの R² は模範回答と一致しています。考察では「築年数が最も家賃を説明する」と書かれていますが、3つの R² を並べて見ると、どれがいちばん大きいでしょうか。R² は大きいほど説明力が高いことを思い出してください。次の一歩は、一文の変数名を見直すことと、相関係数の符号（築年数は −0.600）から「築年数が長いほど家賃は下がる」という向きも添えることです。参照：第9回 講義資料 p.8「決定係数の読み方」
[2026/11/15 16:55] 生徒: 使用部分面積の 0.508 が一番大きいので、そちらですね。符号のことも書き足します
[2026/11/15 16:55] AI: その通りです。直した一文をもう一度アップロードすれば、版2として確認します。"
